INSERT INTO patients (id, name, phone, email, healthCare) VALUES (1, 'voluptates', '1-691-837-4930x947', 'zora15@example.com', 0);
INSERT INTO patients (id, name, phone, email, healthCare) VALUES (2, 'minus', '1-515-202-0941x97051', 'zcollier@example.org', 1);
INSERT INTO patients (id, name, phone, email, healthCare) VALUES (3, 'non', '(656)276-8010', 'colten.bergstrom@example.com', 1);
INSERT INTO patients (id, name, phone, email, healthCare) VALUES (4, 'ipsa', '654.219.3282', 'lang.paul@example.com', 0);
INSERT INTO patients (id, name, phone, email, healthCare) VALUES (5, 'perferendis', '348-453-4601', 'richard.langosh@example.com', 0);
INSERT INTO patients (id, name, phone, email, healthCare) VALUES (6, 'labore', '08117436450', 'jhauck@example.com', 1);
INSERT INTO patients (id, name, phone, email, healthCare) VALUES (7, 'architecto', '628.062.3070x2935', 'cordie.yundt@example.net', 1);
INSERT INTO patients (id, name, phone, email, healthCare) VALUES (8, 'commodi', '093-627-2569', 'xpollich@example.com', 1);
INSERT INTO patients (id, name, phone, email, healthCare) VALUES (9, 'sunt', '(908)557-6419x2264', 'rreichel@example.org', 1);
INSERT INTO patients (id, name, phone, email, healthCare) VALUES (10, 'et', '593.411.0335x88841', 'catherine21@example.org', 0);
INSERT INTO patients (id, name, phone, email, healthCare) VALUES (11, 'a', '884-510-2046', 'lori.walker@example.com', 0);
INSERT INTO patients (id, name, phone, email, healthCare) VALUES (12, 'enim', '+63(6)1836396064', 'charity.watsica@example.com', 0);
INSERT INTO patients (id, name, phone, email, healthCare) VALUES (13, 'pariatur', '646-026-1767', 'conroy.arvel@example.org', 0);
INSERT INTO patients (id, name, phone, email, healthCare) VALUES (14, 'qui', '(179)049-1946', 'cnikolaus@example.net', 0);
INSERT INTO patients (id, name, phone, email, healthCare) VALUES (15, 'ipsa', '1-360-821-9541', 'laila64@example.org', 0);
INSERT INTO patients (id, name, phone, email, healthCare) VALUES (16, 'placeat', '(115)661-3908x486', 'rubie16@example.net', 0);
INSERT INTO patients (id, name, phone, email, healthCare) VALUES (17, 'dignissimos', '1-337-846-1103x9407', 'libbie15@example.net', 1);
INSERT INTO patients (id, name, phone, email, healthCare) VALUES (18, 'molestiae', '728.935.6298x64686', 'unikolaus@example.org', 1);
INSERT INTO patients (id, name, phone, email, healthCare) VALUES (19, 'sit', '1-699-194-2524x64151', 'jkoelpin@example.org', 1);
INSERT INTO patients (id, name, phone, email, healthCare) VALUES (20, 'accusantium', '776.343.1192x382', 'rolfson.emmet@example.org', 0);

INSERT INTO medicines (id, name, expiryDate) VALUES (1, 'omnis', '2001-08-01 14:22:57');
INSERT INTO medicines (id, name, expiryDate) VALUES (2, 'fuga', '2013-11-12 17:03:29');
INSERT INTO medicines (id, name, expiryDate) VALUES (3, 'blanditiis', '2009-06-19 13:22:25');
INSERT INTO medicines (id, name, expiryDate) VALUES (4, 'aperiam', '2014-10-15 23:47:55');
INSERT INTO medicines (id, name, expiryDate) VALUES (5, 'nisi', '1993-07-11 19:15:06');
INSERT INTO medicines (id, name, expiryDate) VALUES (6, 'eos', '2021-02-08 14:17:00');
INSERT INTO medicines (id, name, expiryDate) VALUES (7, 'ratione', '1998-05-18 02:34:45');
INSERT INTO medicines (id, name, expiryDate) VALUES (8, 'optio', '2009-04-07 02:54:17');
INSERT INTO medicines (id, name, expiryDate) VALUES (9, 'fugiat', '2019-03-25 00:50:59');
INSERT INTO medicines (id, name, expiryDate) VALUES (10, 'iusto', '1995-05-23 06:50:36');
INSERT INTO medicines (id, name, expiryDate) VALUES (11, 'enim', '2020-07-30 02:40:08');
INSERT INTO medicines (id, name, expiryDate) VALUES (12, 'ea', '2006-01-04 03:58:26');
INSERT INTO medicines (id, name, expiryDate) VALUES (13, 'non', '1999-11-01 18:34:31');
INSERT INTO medicines (id, name, expiryDate) VALUES (14, 'earum', '2004-07-15 19:37:56');
INSERT INTO medicines (id, name, expiryDate) VALUES (15, 'asperiores', '1993-01-03 23:42:08');
INSERT INTO medicines (id, name, expiryDate) VALUES (16, 'et', '1995-07-01 13:00:34');
INSERT INTO medicines (id, name, expiryDate) VALUES (17, 'aliquid', '2013-10-04 18:12:57');
INSERT INTO medicines (id, name, expiryDate) VALUES (18, 'culpa', '1992-07-16 02:25:26');
INSERT INTO medicines (id, name, expiryDate) VALUES (19, 'blanditiis', '2014-05-18 03:33:09');
INSERT INTO medicines (id, name, expiryDate) VALUES (20, 'alias', '2009-12-25 15:30:50');

INSERT INTO doctors (id, name, phone, email, specialty, xpYears) VALUES (1, 'dolor', '09992247939', 'rosalinda28@example.com', 'illum', 1982);
INSERT INTO doctors (id, name, phone, email, specialty, xpYears) VALUES (2, 'et', '113.810.6460', 'dschiller@example.com', 'quo', 2008);
INSERT INTO doctors (id, name, phone, email, specialty, xpYears) VALUES (3, 'architecto', '535.515.8400', 'wunsch.leo@example.org', 'est', 2001);
INSERT INTO doctors (id, name, phone, email, specialty, xpYears) VALUES (4, 'voluptatibus', '339.361.9489x819', 'mae.block@example.org', 'qui', 1981);
INSERT INTO doctors (id, name, phone, email, specialty, xpYears) VALUES (5, 'et', '238-299-3657x8709', 'bechtelar.elbert@example.net', 'fugit', 1975);
INSERT INTO doctors (id, name, phone, email, specialty, xpYears) VALUES (6, 'qui', '(200)499-0247x920', 'wdonnelly@example.net', 'voluptates', 2001);
INSERT INTO doctors (id, name, phone, email, specialty, xpYears) VALUES (7, 'odit', '+81(1)3471233782', 'providenci31@example.net', 'magnam', 2019);
INSERT INTO doctors (id, name, phone, email, specialty, xpYears) VALUES (8, 'quas', '1-961-718-8152x9812', 'betsy32@example.org', 'facilis', 2013);
INSERT INTO doctors (id, name, phone, email, specialty, xpYears) VALUES (9, 'laboriosam', '634-809-7362x799', 'nadia98@example.org', 'sed', 2018);
INSERT INTO doctors (id, name, phone, email, specialty, xpYears) VALUES (10, 'quas', '509-308-3687x40489', 'karli56@example.com', 'nesciunt', 1980);
INSERT INTO doctors (id, name, phone, email, specialty, xpYears) VALUES (11, 'quos', '703.284.4380', 'brown.dudley@example.org', 'in', 1977);
INSERT INTO doctors (id, name, phone, email, specialty, xpYears) VALUES (12, 'placeat', '1-572-150-6472', 'roob.garth@example.net', 'nisi', 2002);
INSERT INTO doctors (id, name, phone, email, specialty, xpYears) VALUES (13, 'placeat', '(397)261-0197x98424', 'amina.nicolas@example.net', 'enim', 2020);
INSERT INTO doctors (id, name, phone, email, specialty, xpYears) VALUES (14, 'laborum', '1-654-806-7738x82612', 'atillman@example.org', 'ipsum', 1980);
INSERT INTO doctors (id, name, phone, email, specialty, xpYears) VALUES (15, 'rerum', '019-119-4025', 'lkemmer@example.org', 'perspiciatis', 1998);
INSERT INTO doctors (id, name, phone, email, specialty, xpYears) VALUES (16, 'est', '062.991.0433x11097', 'elfrieda99@example.org', 'non', 1991);
INSERT INTO doctors (id, name, phone, email, specialty, xpYears) VALUES (17, 'veritatis', '+29(7)4807698710', 'skutch@example.com', 'distinctio', 2004);
INSERT INTO doctors (id, name, phone, email, specialty, xpYears) VALUES (18, 'sapiente', '+42(4)5403335004', 'malcolm85@example.net', 'fugit', 2003);
INSERT INTO doctors (id, name, phone, email, specialty, xpYears) VALUES (19, 'ipsum', '1-259-467-0393x395', 'melody.schmitt@example.org', 'asperiores', 2003);
INSERT INTO doctors (id, name, phone, email, specialty, xpYears) VALUES (20, 'iusto', '476-258-8579x391', 'hschoen@example.net', 'molestiae', 1970);

INSERT INTO nurses (id, name, phone, email, xpYears, doctorId) VALUES (1, 'cupiditate', '07218316295', 'kelton25@example.com', 1992, 1);
INSERT INTO nurses (id, name, phone, email, xpYears, doctorId) VALUES (2, 'praesentium', '872-627-9008x71066', 'sabbott@example.org', 2005, 2);
INSERT INTO nurses (id, name, phone, email, xpYears, doctorId) VALUES (3, 'est', '990-808-2053', 'gweber@example.org', 1977, 3);
INSERT INTO nurses (id, name, phone, email, xpYears, doctorId) VALUES (4, 'id', '1-413-345-3196x0412', 'yvette.treutel@example.com', 2004, 4);
INSERT INTO nurses (id, name, phone, email, xpYears, doctorId) VALUES (5, 'dolorem', '596-311-1787x7074', 'botsford.kelton@example.org', 2009, 5);
INSERT INTO nurses (id, name, phone, email, xpYears, doctorId) VALUES (6, 'quis', '+74(2)8672511156', 'reynolds.martina@example.net', 2009, 6);
INSERT INTO nurses (id, name, phone, email, xpYears, doctorId) VALUES (7, 'harum', '668-460-9747x7249', 'alexys81@example.com', 1990, 7);
INSERT INTO nurses (id, name, phone, email, xpYears, doctorId) VALUES (8, 'dolores', '(898)981-7097x85030', 'lee.bailey@example.net', 1986, 8);
INSERT INTO nurses (id, name, phone, email, xpYears, doctorId) VALUES (9, 'reprehenderit', '(009)643-3176x015', 'ejacobs@example.org', 2013, 9);
INSERT INTO nurses (id, name, phone, email, xpYears, doctorId) VALUES (10, 'ipsum', '(346)735-4617', 'hyatt.kathleen@example.com', 1987, 10);
INSERT INTO nurses (id, name, phone, email, xpYears, doctorId) VALUES (11, 'saepe', '1-843-587-4665x808', 'jadams@example.net', 2006, 11);
INSERT INTO nurses (id, name, phone, email, xpYears, doctorId) VALUES (12, 'quas', '1-196-092-3012', 'reilly.americo@example.org', 1988, 12);
INSERT INTO nurses (id, name, phone, email, xpYears, doctorId) VALUES (13, 'et', '+86(8)9871918211', 'willy.haley@example.org', 1998, 13);
INSERT INTO nurses (id, name, phone, email, xpYears, doctorId) VALUES (14, 'qui', '476.145.0401x0193', 'heaven.moore@example.org', 1990, 14);
INSERT INTO nurses (id, name, phone, email, xpYears, doctorId) VALUES (15, 'sed', '046.455.2571', 'lmonahan@example.net', 2020, 15);
INSERT INTO nurses (id, name, phone, email, xpYears, doctorId) VALUES (16, 'quis', '(217)758-8479x02543', 'phuels@example.org', 1979, 16);
INSERT INTO nurses (id, name, phone, email, xpYears, doctorId) VALUES (17, 'dolores', '04081848330', 'bblock@example.org', 1999, 17);
INSERT INTO nurses (id, name, phone, email, xpYears, doctorId) VALUES (18, 'magnam', '1-642-044-5343x816', 'fhoppe@example.net', 1994, 18);
INSERT INTO nurses (id, name, phone, email, xpYears, doctorId) VALUES (19, 'beatae', '00225199604', 'botsford.sigrid@example.com', 2007, 19);
INSERT INTO nurses (id, name, phone, email, xpYears, doctorId) VALUES (20, 'vitae', '1-111-762-5572', 'carolyn62@example.org', 2021, 20);

INSERT INTO diseases (id, name) VALUES (1, 'ut');
INSERT INTO diseases (id, name) VALUES (2, 'omnis');
INSERT INTO diseases (id, name) VALUES (3, 'et');
INSERT INTO diseases (id, name) VALUES (4, 'tempora');
INSERT INTO diseases (id, name) VALUES (5, 'distinctio');
INSERT INTO diseases (id, name) VALUES (6, 'sed');
INSERT INTO diseases (id, name) VALUES (7, 'facilis');
INSERT INTO diseases (id, name) VALUES (8, 'soluta');
INSERT INTO diseases (id, name) VALUES (9, 'sint');
INSERT INTO diseases (id, name) VALUES (10, 'perferendis');
INSERT INTO diseases (id, name) VALUES (11, 'sit');
INSERT INTO diseases (id, name) VALUES (12, 'et');
INSERT INTO diseases (id, name) VALUES (13, 'accusantium');
INSERT INTO diseases (id, name) VALUES (14, 'nulla');
INSERT INTO diseases (id, name) VALUES (15, 'molestiae');
INSERT INTO diseases (id, name) VALUES (16, 'et');
INSERT INTO diseases (id, name) VALUES (17, 'et');
INSERT INTO diseases (id, name) VALUES (18, 'molestiae');
INSERT INTO diseases (id, name) VALUES (19, 'dolores');
INSERT INTO diseases (id, name) VALUES (20, 'iste');

INSERT INTO managers (id, name, phone, email) VALUES (1, 'incidunt', '1-828-345-5457x305', 'ckohler@example.com');
INSERT INTO managers (id, name, phone, email) VALUES (2, 'voluptatum', '+42(0)7212669105', 'wkozey@example.com');
INSERT INTO managers (id, name, phone, email) VALUES (3, 'consequatur', '03194131298', 'walker.clay@example.com');
INSERT INTO managers (id, name, phone, email) VALUES (4, 'dolorum', '325-364-1490', 'loyal92@example.org');
INSERT INTO managers (id, name, phone, email) VALUES (5, 'iste', '671.016.5746', 'ssauer@example.com');
INSERT INTO managers (id, name, phone, email) VALUES (6, 'consectetur', '(338)731-1529', 'tracey.brakus@example.org');
INSERT INTO managers (id, name, phone, email) VALUES (7, 'fugiat', '032.322.3212x28218', 'dejon88@example.net');
INSERT INTO managers (id, name, phone, email) VALUES (8, 'quia', '937.730.1419x7141', 'elta53@example.net');
INSERT INTO managers (id, name, phone, email) VALUES (9, 'inventore', '(899)536-8937', 'felix.frami@example.com');
INSERT INTO managers (id, name, phone, email) VALUES (10, 'voluptatum', '(799)157-4553x59690', 'arnaldo74@example.org');
INSERT INTO managers (id, name, phone, email) VALUES (11, 'voluptatem', '(374)773-0018x85462', 'ywyman@example.org');
INSERT INTO managers (id, name, phone, email) VALUES (12, 'aut', '(001)973-6879', 'wisoky.joey@example.org');
INSERT INTO managers (id, name, phone, email) VALUES (13, 'sint', '(532)067-2426', 'immanuel.gottlieb@example.net');
INSERT INTO managers (id, name, phone, email) VALUES (14, 'deleniti', '949-323-8208x8305', 'zhammes@example.net');
INSERT INTO managers (id, name, phone, email) VALUES (15, 'laudantium', '1-152-655-5278x387', 'paolo30@example.net');
INSERT INTO managers (id, name, phone, email) VALUES (16, 'suscipit', '+55(3)1662650532', 'aletha21@example.org');
INSERT INTO managers (id, name, phone, email) VALUES (17, 'rem', '(430)901-8664', 'corwin.herbert@example.com');
INSERT INTO managers (id, name, phone, email) VALUES (18, 'fugiat', '277.339.1472x52655', 'rolfson.ruby@example.org');
INSERT INTO managers (id, name, phone, email) VALUES (19, 'minima', '377-195-7300', 'runolfsdottir.natasha@example.net');
INSERT INTO managers (id, name, phone, email) VALUES (20, 'qui', '04879803547', 'sschaden@example.com');

INSERT INTO branches (id, name, location, managerId) VALUES (1, 'sed', 'Sydnieshire', 1);
INSERT INTO branches (id, name, location, managerId) VALUES (2, 'cupiditate', 'Maggiotown', 2);
INSERT INTO branches (id, name, location, managerId) VALUES (3, 'laborum', 'Port Eleanora', 3);
INSERT INTO branches (id, name, location, managerId) VALUES (4, 'sit', 'Port Lafayettestad', 4);
INSERT INTO branches (id, name, location, managerId) VALUES (5, 'facilis', 'Angelineport', 5);
INSERT INTO branches (id, name, location, managerId) VALUES (6, 'occaecati', 'Lake Valentinaton', 6);
INSERT INTO branches (id, name, location, managerId) VALUES (7, 'dolore', 'Fishertown', 7);
INSERT INTO branches (id, name, location, managerId) VALUES (8, 'modi', 'Herthaview', 8);
INSERT INTO branches (id, name, location, managerId) VALUES (9, 'nam', 'Langfort', 9);
INSERT INTO branches (id, name, location, managerId) VALUES (10, 'nihil', 'North Raymondland', 10);
INSERT INTO branches (id, name, location, managerId) VALUES (11, 'officiis', 'Montebury', 11);
INSERT INTO branches (id, name, location, managerId) VALUES (12, 'velit', 'Port Leonor', 12);
INSERT INTO branches (id, name, location, managerId) VALUES (13, 'quibusdam', 'Kaciview', 13);
INSERT INTO branches (id, name, location, managerId) VALUES (14, 'itaque', 'Lake Jaydeburgh', 14);
INSERT INTO branches (id, name, location, managerId) VALUES (15, 'non', 'North Anderson', 15);
INSERT INTO branches (id, name, location, managerId) VALUES (16, 'quae', 'Samantabury', 16);
INSERT INTO branches (id, name, location, managerId) VALUES (17, 'adipisci', 'Kennedibury', 17);
INSERT INTO branches (id, name, location, managerId) VALUES (18, 'rem', 'Port Shaniechester', 18);
INSERT INTO branches (id, name, location, managerId) VALUES (19, 'et', 'Reillychester', 19);
INSERT INTO branches (id, name, location, managerId) VALUES (20, 'quibusdam', 'Reichelview', 20);

INSERT INTO branches_doctors (id, brancheId, doctorId, nHours) VALUES (1, 1, 1, 3);
INSERT INTO branches_doctors (id, brancheId, doctorId, nHours) VALUES (2, 2, 2, 9);
INSERT INTO branches_doctors (id, brancheId, doctorId, nHours) VALUES (3, 3, 3, 5);
INSERT INTO branches_doctors (id, brancheId, doctorId, nHours) VALUES (4, 4, 4, 9);
INSERT INTO branches_doctors (id, brancheId, doctorId, nHours) VALUES (5, 5, 5, 3);
INSERT INTO branches_doctors (id, brancheId, doctorId, nHours) VALUES (6, 6, 6, 6);
INSERT INTO branches_doctors (id, brancheId, doctorId, nHours) VALUES (7, 7, 7, 0);
INSERT INTO branches_doctors (id, brancheId, doctorId, nHours) VALUES (8, 8, 8, 5);
INSERT INTO branches_doctors (id, brancheId, doctorId, nHours) VALUES (9, 9, 9, 7);
INSERT INTO branches_doctors (id, brancheId, doctorId, nHours) VALUES (10, 10, 10, 4);
INSERT INTO branches_doctors (id, brancheId, doctorId, nHours) VALUES (11, 11, 11, 9);
INSERT INTO branches_doctors (id, brancheId, doctorId, nHours) VALUES (12, 12, 12, 9);
INSERT INTO branches_doctors (id, brancheId, doctorId, nHours) VALUES (13, 13, 13, 3);
INSERT INTO branches_doctors (id, brancheId, doctorId, nHours) VALUES (14, 14, 14, 1);
INSERT INTO branches_doctors (id, brancheId, doctorId, nHours) VALUES (15, 15, 15, 6);
INSERT INTO branches_doctors (id, brancheId, doctorId, nHours) VALUES (16, 16, 16, 5);
INSERT INTO branches_doctors (id, brancheId, doctorId, nHours) VALUES (17, 17, 17, 4);
INSERT INTO branches_doctors (id, brancheId, doctorId, nHours) VALUES (18, 18, 18, 9);
INSERT INTO branches_doctors (id, brancheId, doctorId, nHours) VALUES (19, 19, 19, 8);
INSERT INTO branches_doctors (id, brancheId, doctorId, nHours) VALUES (20, 20, 20, 9);

INSERT INTO diseases_medicines (id, diseaseId, medicineId) VALUES (1, 1, 1);
INSERT INTO diseases_medicines (id, diseaseId, medicineId) VALUES (2, 2, 2);
INSERT INTO diseases_medicines (id, diseaseId, medicineId) VALUES (3, 3, 3);
INSERT INTO diseases_medicines (id, diseaseId, medicineId) VALUES (4, 4, 4);
INSERT INTO diseases_medicines (id, diseaseId, medicineId) VALUES (5, 5, 5);
INSERT INTO diseases_medicines (id, diseaseId, medicineId) VALUES (6, 6, 6);
INSERT INTO diseases_medicines (id, diseaseId, medicineId) VALUES (7, 7, 7);
INSERT INTO diseases_medicines (id, diseaseId, medicineId) VALUES (8, 8, 8);
INSERT INTO diseases_medicines (id, diseaseId, medicineId) VALUES (9, 9, 9);
INSERT INTO diseases_medicines (id, diseaseId, medicineId) VALUES (10, 10, 10);
INSERT INTO diseases_medicines (id, diseaseId, medicineId) VALUES (11, 11, 11);
INSERT INTO diseases_medicines (id, diseaseId, medicineId) VALUES (12, 12, 12);
INSERT INTO diseases_medicines (id, diseaseId, medicineId) VALUES (13, 13, 13);
INSERT INTO diseases_medicines (id, diseaseId, medicineId) VALUES (14, 14, 14);
INSERT INTO diseases_medicines (id, diseaseId, medicineId) VALUES (15, 15, 15);
INSERT INTO diseases_medicines (id, diseaseId, medicineId) VALUES (16, 16, 16);
INSERT INTO diseases_medicines (id, diseaseId, medicineId) VALUES (17, 17, 17);
INSERT INTO diseases_medicines (id, diseaseId, medicineId) VALUES (18, 18, 18);
INSERT INTO diseases_medicines (id, diseaseId, medicineId) VALUES (19, 19, 19);
INSERT INTO diseases_medicines (id, diseaseId, medicineId) VALUES (20, 20, 20);

INSERT INTO doctors_patients_branches (id, doctorId, patientId, brancheId) VALUES (1, 1, 1, 1);
INSERT INTO doctors_patients_branches (id, doctorId, patientId, brancheId) VALUES (2, 2, 2, 2);
INSERT INTO doctors_patients_branches (id, doctorId, patientId, brancheId) VALUES (3, 3, 3, 3);
INSERT INTO doctors_patients_branches (id, doctorId, patientId, brancheId) VALUES (4, 4, 4, 4);
INSERT INTO doctors_patients_branches (id, doctorId, patientId, brancheId) VALUES (5, 5, 5, 5);
INSERT INTO doctors_patients_branches (id, doctorId, patientId, brancheId) VALUES (6, 6, 6, 6);
INSERT INTO doctors_patients_branches (id, doctorId, patientId, brancheId) VALUES (7, 7, 7, 7);
INSERT INTO doctors_patients_branches (id, doctorId, patientId, brancheId) VALUES (8, 8, 8, 8);
INSERT INTO doctors_patients_branches (id, doctorId, patientId, brancheId) VALUES (9, 9, 9, 9);
INSERT INTO doctors_patients_branches (id, doctorId, patientId, brancheId) VALUES (10, 10, 10, 10);
INSERT INTO doctors_patients_branches (id, doctorId, patientId, brancheId) VALUES (11, 11, 11, 11);
INSERT INTO doctors_patients_branches (id, doctorId, patientId, brancheId) VALUES (12, 12, 12, 12);
INSERT INTO doctors_patients_branches (id, doctorId, patientId, brancheId) VALUES (13, 13, 13, 13);
INSERT INTO doctors_patients_branches (id, doctorId, patientId, brancheId) VALUES (14, 14, 14, 14);
INSERT INTO doctors_patients_branches (id, doctorId, patientId, brancheId) VALUES (15, 15, 15, 15);
INSERT INTO doctors_patients_branches (id, doctorId, patientId, brancheId) VALUES (16, 16, 16, 16);
INSERT INTO doctors_patients_branches (id, doctorId, patientId, brancheId) VALUES (17, 17, 17, 17);
INSERT INTO doctors_patients_branches (id, doctorId, patientId, brancheId) VALUES (18, 18, 18, 18);
INSERT INTO doctors_patients_branches (id, doctorId, patientId, brancheId) VALUES (19, 19, 19, 19);
INSERT INTO doctors_patients_branches (id, doctorId, patientId, brancheId) VALUES (20, 20, 20, 20);

INSERT INTO patients_diseases (id, patientId, diseaseId) VALUES (1, 1, 1);
INSERT INTO patients_diseases (id, patientId, diseaseId) VALUES (2, 2, 2);
INSERT INTO patients_diseases (id, patientId, diseaseId) VALUES (3, 3, 3);
INSERT INTO patients_diseases (id, patientId, diseaseId) VALUES (4, 4, 4);
INSERT INTO patients_diseases (id, patientId, diseaseId) VALUES (5, 5, 5);
INSERT INTO patients_diseases (id, patientId, diseaseId) VALUES (6, 6, 6);
INSERT INTO patients_diseases (id, patientId, diseaseId) VALUES (7, 7, 7);
INSERT INTO patients_diseases (id, patientId, diseaseId) VALUES (8, 8, 8);
INSERT INTO patients_diseases (id, patientId, diseaseId) VALUES (9, 9, 9);
INSERT INTO patients_diseases (id, patientId, diseaseId) VALUES (10, 10, 10);
INSERT INTO patients_diseases (id, patientId, diseaseId) VALUES (11, 11, 11);
INSERT INTO patients_diseases (id, patientId, diseaseId) VALUES (12, 12, 12);
INSERT INTO patients_diseases (id, patientId, diseaseId) VALUES (13, 13, 13);
INSERT INTO patients_diseases (id, patientId, diseaseId) VALUES (14, 14, 14);
INSERT INTO patients_diseases (id, patientId, diseaseId) VALUES (15, 15, 15);
INSERT INTO patients_diseases (id, patientId, diseaseId) VALUES (16, 16, 16);
INSERT INTO patients_diseases (id, patientId, diseaseId) VALUES (17, 17, 17);
INSERT INTO patients_diseases (id, patientId, diseaseId) VALUES (18, 18, 18);
INSERT INTO patients_diseases (id, patientId, diseaseId) VALUES (19, 19, 19);
INSERT INTO patients_diseases (id, patientId, diseaseId) VALUES (20, 20, 20);

INSERT INTO securitymen (id, name, phone, email, brancheId) VALUES (1, 'qui', '510-868-7583', 'wschroeder@example.com', 1);
INSERT INTO securitymen (id, name, phone, email, brancheId) VALUES (2, 'commodi', '07893753867', 'newell77@example.org', 2);
INSERT INTO securitymen (id, name, phone, email, brancheId) VALUES (3, 'ea', '455-083-3270', 'mbrakus@example.org', 3);
INSERT INTO securitymen (id, name, phone, email, brancheId) VALUES (4, 'occaecati', '1-825-459-1333', 'cassin.marlin@example.com', 4);
INSERT INTO securitymen (id, name, phone, email, brancheId) VALUES (5, 'aperiam', '02319057288', 'joey.connelly@example.com', 5);
INSERT INTO securitymen (id, name, phone, email, brancheId) VALUES (6, 'beatae', '1-258-654-4401x809', 'tkohler@example.net', 6);
INSERT INTO securitymen (id, name, phone, email, brancheId) VALUES (7, 'sapiente', '1-527-016-3840x170', 'runte.gabe@example.org', 7);
INSERT INTO securitymen (id, name, phone, email, brancheId) VALUES (8, 'culpa', '1-856-941-5048', 'ostamm@example.com', 8);
INSERT INTO securitymen (id, name, phone, email, brancheId) VALUES (9, 'omnis', '00684758726', 'stacey63@example.net', 9);
INSERT INTO securitymen (id, name, phone, email, brancheId) VALUES (10, 'quis', '538-406-9176x879', 'bria25@example.org', 10);
INSERT INTO securitymen (id, name, phone, email, brancheId) VALUES (11, 'natus', '415.742.1395', 'destiny23@example.net', 11);
INSERT INTO securitymen (id, name, phone, email, brancheId) VALUES (12, 'cupiditate', '1-612-956-4570x658', 'kswift@example.com', 12);
INSERT INTO securitymen (id, name, phone, email, brancheId) VALUES (13, 'quos', '+97(8)4810966554', 'leonora.bogisich@example.com', 13);
INSERT INTO securitymen (id, name, phone, email, brancheId) VALUES (14, 'autem', '1-631-779-6284', 'lela59@example.com', 14);
INSERT INTO securitymen (id, name, phone, email, brancheId) VALUES (15, 'magni', '+45(8)7028146642', 'vallie.abshire@example.org', 15);
INSERT INTO securitymen (id, name, phone, email, brancheId) VALUES (16, 'quod', '+88(5)0141144559', 'lbradtke@example.org', 16);
INSERT INTO securitymen (id, name, phone, email, brancheId) VALUES (17, 'itaque', '02462885202', 'quincy.corwin@example.com', 17);
INSERT INTO securitymen (id, name, phone, email, brancheId) VALUES (18, 'assumenda', '1-180-361-5492', 'reymundo.lindgren@example.com', 18);
INSERT INTO securitymen (id, name, phone, email, brancheId) VALUES (19, 'repellat', '06978769129', 'conner.kennedi@example.com', 19);
INSERT INTO securitymen (id, name, phone, email, brancheId) VALUES (20, 'necessitatibus', '1-427-282-3912x1296', 'eudora61@example.org', 20);